{
  "prev_ma_4w": 0.11992146658327271,
  "prev_slope_4w": 0.0017943938981200584,
  "time": 64.5
}