{
  "prev_ma_4w": 0.1623728659496769,
  "prev_slope_4w": -0.0018662082544598554,
  "time": 41.0
}